     instant      dteday  season  yr  mnth  holiday  weekday  workingday  weathersit       temp      atemp      hum  windspeed  casual  registered   cnt
0          1  01-01-2018       1   0     1        0        6           0           2  14.110847  18.181250  80.5833  10.749882     331         654   985
1          2  02-01-2018       1   0     1        0        0           0           2  14.902598  17.686950  69.6087  16.652113     131         670   801
2          3  03-01-2018       1   0     1        0        1           1           1   8.050924   9.470250  43.7273  16.636703     120        1229  1349
3          4  04-01-2018       1   0     1        0        2           1           1   8.200000  10.606100  59.0435  10.739832     108        1454  1562
4          5  05-01-2018       1   0     1        0        3           1           1   9.305237  11.463500  43.6957  12.522300      82        1518  1600
5          6  06-01-2018       1   0     1        0        4           1           1   8.378268  11.660450  51.8261   6.000868      88        1518  1606
6          7  07-01-2018       1   0     1        0        5           1           2   8.057402  10.441950  49.8696  11.304642     148        1362  1510
7          8  08-01-2018       1   0     1        0        6           0           2   6.765000   8.112700  53.5833  17.875868      68         891   959
8          9  09-01-2018       1   0     1        0        0           0           1   5.671653   5.808750  43.4167  24.250650      54         768   822
9         10  10-01-2018       1   0     1        0        1           1           1   6.184153   7.544400  48.2917  14.958889      41        1280  1321
10        11  11-01-2018       1   0     1        0        2           1           2   6.932731   9.573200  68.6364   8.182844      43        1220  1263
11        12  12-01-2018       1   0     1        0        3           1           1   7.081807   8.023650  59.9545  20.410009      25        1137  1162
12        13  13-01-2018       1   0     1        0        4           1           1   6.765000   7.544150  47.0417  20.167000      38        1368  1406
13        14  14-01-2018       1   0     1        0        5           1           1   6.595670   9.420650  53.7826   8.478716      54        1367  1421
14        15  15-01-2018       1   0     1        0        6           0           2   9.566653  12.405600  49.8750  10.583521     222        1026  1248
15        16  16-01-2018       1   0     1        0        0           0           1   9.498347  11.710850  48.3750  12.625011     251         953  1204
16        17  17-01-2018       1   0     1        1        1           0           2   7.209153   8.838550  53.7500  12.999139     117         883  1000
17        18  18-01-2018       1   0     1        0        2           1           2   8.883347  11.616650  86.1667   9.833925       9         674   683
18        19  19-01-2018       1   0     1        0        3           1           2  11.979134  14.921100  74.1739  13.957239      78        1572  1650
19        20  20-01-2018       1   0     1        0        4           1           2  10.728347  12.752500  53.8333  13.125568      83        1844  1927
20        21  21-01-2018       1   0     1        0        5           1           1   7.277500   7.891650  45.7083  23.667214      75        1468  1543
21        22  22-01-2018       1   0     1        0        6           0           1   2.424346   3.953480  40.0000  11.521990      93         888   981
22        23  23-01-2018       1   0     1        0        0           0           1   3.957390   4.941955  43.6522  16.522200     150         836   986
23        24  24-01-2018       1   0     1        0        1           1           1   3.993043   5.896500  49.1739  10.608110      86        1330  1416
24        25  25-01-2018       1   0     1        0        2           1           2   9.162598  11.726300  61.6957   8.696332     186        1799  1985
25        26  26-01-2018       1   0     1        0        3           1           3   8.917500  10.180000  86.2500  19.687950      34         472   506
26        27  27-01-2018       1   0     1        0        4           1           1   7.995000  10.985000  68.7500   7.627079      15         416   431
27        28  28-01-2018       1   0     1        0        5           1           2   8.342598  11.165850  79.3043   8.261100      38        1129  1167
28        29  29-01-2018       1   0     1        0        6           0           1   8.057402  10.606300  65.1739   9.739455     123         975  1098
29        30  30-01-2018       1   0     1        0        0           0           1   8.877402  12.516100  72.2174   4.956834     140         956  1096
30        31  31-01-2018       1   0     1        0        1           1           2   7.414153   9.312500  60.3750  12.541864      42        1459  1501
31        32  01-02-2018       1   0     2        0        2           1           2   7.879134  11.726500  82.9565   3.565271      47        1313  1360
32        33  02-02-2018       1   0     2        0        3           1           2  10.660000  12.720850  77.5417  17.708636      72        1454  1526
33        34  03-02-2018       1   0     2        0        4           1           1   7.665237   8.893900  43.7826  18.609384      61        1489  1550
34        35  04-02-2018       1   0     2        0        5           1           2   8.663464  11.429350  58.5217   8.565213      88        1620  1708
35        36  05-02-2018       1   0     2        0        6           0           2   9.566653  12.152900  92.9167  10.792293     100         905  1005
36        37  06-02-2018       1   0     2        0        0           0           1  11.719153  14.583550  56.8333   9.500600     354        1269  1623
37        38  07-02-2018       1   0     2        0        1           1           1  11.138347  15.182900  73.8333   3.042356     120        1592  1712
38        39  08-02-2018       1   0     2        0        2           1           1   9.054153   9.912300  53.7917  24.250650      64        1466  1530
39        40  09-02-2018       1   0     2        0        3           1           2   5.526103   7.214150  49.4783  12.652213      53        1552  1605
40        41  10-02-2018       1   0     2        0        4           1           1   5.918268   7.477400  43.7391  14.869645      47        1491  1538
41        42  11-02-2018       1   0     2        0        5           1           1   7.752731  10.675450  50.6364   7.272850     149        1597  1746
42        43  12-02-2018       1   0     2        0        6           0           1   9.122500  11.647700  54.4167  13.625589     288        1184  1472
43        44  13-02-2018       1   0     2        0        0           0           1  12.977402  16.205650  45.7391  17.479161     397        1192  1589
44        45  14-02-2018       1   0     2        0        1           1           1  17.015000  19.917500  37.5833  27.999836     208        1705  1913
45        46  15-02-2018       1   0     2        0        2           1           1  10.909567  12.713700  31.4348  19.522058     140        1675  1815
46        47  16-02-2018       1   0     2        0        3           1           1  13.048701  15.810000  42.3478  16.869997     218        1897  2115
47        48  17-02-2018       1   0     2        0        4           1           1  17.869153  21.432900  50.5000  15.416968     259        2216  2475
48        49  18-02-2018       1   0     2        0        5           1           1  21.388347  25.599150  51.6667  17.749975     579        2348  2927
49        50  19-02-2018       1   0     2        0        6           0           1  16.365847  19.570200  18.7917  34.000021     532        1103  1635
50        51  20-02-2018       1   0     2        0        0           0           1  11.693897  13.866500  40.7826  14.956745     639        1173  1812
51        52  21-02-2018       1   0     2        1        1           0           2  12.436653  14.203750  60.5000  20.625682     195         912  1107
52        53  22-02-2018       1   0     2        0        2           1           1   7.471102   9.301650  57.7778  13.110761      74        1376  1450
53        54  23-02-2018       1   0     2        0        3           1           1   9.091299  12.285850  42.3043   6.305571     139        1778  1917
54        55  24-02-2018       1   0     2        0        4           1           2  12.121732  14.459550  69.7391  16.783232     100        1707  1807
55        56  25-02-2018       1   0     2        0        5           1           2  14.938268  17.523050  71.2174  23.218113     120        1341  1461
56        57  26-02-2018       1   0     2        0        6           0           1  11.582500  14.109600  53.7917  12.500257     424        1545  1969
57        58  27-02-2018       1   0     2        0        0           0           1  14.082598  17.555450  68.0000   8.391616     694        1708  2402
58        59  28-02-2018       1   0     2        0        1           1           2  16.698193  20.005900  87.6364  19.408962      81        1365  1446
59        60  01-03-2018       1   0     3        0        2           1           1  10.933347  13.193950  53.5000  14.500475     137        1714  1851
60        61  02-03-2018       1   0     3        0        3           1           1  13.735000  16.003550  44.9583  20.624811     231        1903  2134
61        62  03-03-2018       1   0     3        0        4           1           1   8.131653  10.006650  31.8333  15.125518     123        1562  1685
62        63  04-03-2018       1   0     3        0        5           1           2  10.728347  12.783950  61.0417  13.624182     214        1730  1944
63        64  05-03-2018       1   0     3        0        6           0           2  15.750847  18.938950  78.9167  16.875357     640        1437  2077
64        65  06-03-2018       1   0     3        0        0           0           2  15.437402  18.312600  94.8261  23.000229     114         491   605
65        66  07-03-2018       1   0     3        0        1           1           1  10.731299  11.923050  55.1304  22.870584     244        1628  1872
66        67  08-03-2018       1   0     3        0        2           1           1  11.992500  15.120000  42.0833   8.083550     316        1817  2133
67        68  09-03-2018       1   0     3        0        3           1           2  12.129153  14.330400  77.5417  14.750050     191        1700  1891
68        69  10-03-2018       1   0     3        0        4           1           3  15.952731  19.283400   0.0000  17.545759      46         577   623
69        70  11-03-2018       1   0     3        0        5           1           2  12.977402  15.250000  64.9565  15.608990     247        1730  1977
70        71  12-03-2018       1   0     3        0        6           0           1  13.495847  16.287500  59.4583  14.791925     724        1408  2132
71        72  13-03-2018       1   0     3        0        0           0           1  15.758268  19.004550  52.7391  18.130468     982        1435  2417
72        73  14-03-2018       1   0     3        0        1           1           1  13.333897  16.600000  49.6957   9.174042     359        1687  2046
73        74  15-03-2018       1   0     3        0        2           1           2  13.013031  15.908900  65.5652  12.348703     289        1767  2056
74        75  16-03-2018       1   0     3        0        3           1           2  14.973897  18.346500  77.6522  13.608839     321        1871  2192
75        76  17-03-2018       1   0     3        0        4           1           1  17.015000  20.516650  60.2917  14.041793     424        2320  2744
76        77  18-03-2018       1   0     3        0        5           1           1  22.140000  26.350450  52.5217  15.478139     884        2355  3239
77        78  19-03-2018       1   0     3        0        6           0           1  19.372500  23.326250  37.9167  24.667189    1424        1693  3117
78        79  20-03-2018       1   0     3        0        0           0           1  13.632500  16.287500  47.3750  13.917307    1047        1424  2471
79        80  21-03-2018       2   0     3        0        1           1           2  17.647835  20.486750  73.7391  19.348461     401        1676  2077
80        81  22-03-2018       2   0     3        0        2           1           1  18.108347  22.032100  62.4583  15.125250     460        2243  2703
81        82  23-03-2018       2   0     3        0        3           1           2  14.225237  16.896950  83.9565  15.695487     203        1918  2121
82        83  24-03-2018       2   0     3        0        4           1           2  11.685000  13.541650  80.5833  16.333729     166        1699  1865
83        84  25-03-2018       2   0     3        0        5           1           1  10.830847  12.815600  49.5000  15.458575     300        1910  2210
84        85  26-03-2018       2   0     3        0        6           0           1  10.899153  12.878550  39.4167  14.041257     981        1515  2496
85        86  27-03-2018       2   0     3        0        0           0           2  10.374763  12.516950  49.3913  12.348100     472        1221  1693
86        87  28-03-2018       2   0     3        0        1           1           1  10.838268  12.878700  30.2174  14.217668     222        1806  2028
87        88  29-03-2018       2   0     3        0        2           1           1  12.402500  14.645400  31.4167  15.208732     317        2108  2425
88        89  30-03-2018       2   0     3        0        3           1           2  12.300000  14.867500  64.6667  11.583496     168        1368  1536
89        90  31-03-2018       2   0     3        0        4           1           3  11.001653  12.878750  91.8333  14.582282     179        1506  1685
90        91  01-04-2018       2   0     4        0        5           1           2  12.300000  14.172700  68.6250  17.333436     307        1920  2227
91        92  02-04-2018       2   0     4        0        6           0           2  12.915000  15.781850  65.3750  13.208782     898        1354  2252
92        93  03-04-2018       2   0     4        0        0           0           1  15.511653  18.938350  48.0000  12.208271    1651        1598  3249
93        94  04-04-2018       2   0     4        0        1           1           1  23.506653  27.146450  42.6250  25.833257     734        2381  3115
94        95  05-04-2018       2   0     4        0        2           1           2  16.980847  19.917500  64.2083  26.000489     167        1628  1795
95        96  06-04-2018       2   0     4        0        3           1           1  16.024153  19.380400  47.0833  17.625221     413        2395  2808
96        97  07-04-2018       2   0     4        0        4           1           1  17.937500  21.684800  60.2917  10.874904     571        2570  3141
97        98  08-04-2018       2   0     4        0        5           1           2  13.769153  16.223950  83.6250  15.208464     172        1299  1471
98        99  09-04-2018       2   0     4        0        6           0           2  14.042500  17.076450  87.7500   8.916561     879        1576  2455
99       100  10-04-2018       2   0     4        0        0           0           2  17.493347  21.336850  85.7500   9.833389    1188        1707  2895
100      101  11-04-2018       2   0     4        0        1           1           2  24.421732  28.260850  71.6956  21.739758     855        2493  3348
101      102  12-04-2018       2   0     4        0        2           1           2  20.602500  24.652700  73.9167  18.416893     257        1777  2034
102      103  13-04-2018       2   0     4        0        3           1           2  16.912500  20.864150  81.9167  16.791339     209        1953  2162
103      104  14-04-2018       2   0     4        0        4           1           1  19.167500  23.137100  54.0417   7.416900     529        2738  3267
104      105  15-04-2018       2   0     4        1        5           0           1  18.313347  22.095650  67.1250  15.167125     642        2484  3126
105      106  16-04-2018       2   0     4        0        6           0           3  17.664153  21.274600  88.8333  22.834136     121         674   795
106      107  17-04-2018       2   0     4        0        0           0           1  18.723347  22.284800  47.9583  20.334232    1558        2186  3744
107      108  18-04-2018       2   0     4        0        1           1           1  21.012500  25.157300  54.2500  10.958989     669        2760  3429
108      109  19-04-2018       2   0     4        0        2           1           2  20.739153  24.462900  66.5833  10.584057     409        2795  3204
109      110  20-04-2018       2   0     4        0        3           1           1  24.395000  28.219600  61.4167  16.208975     613        3331  3944
110      111  21-04-2018       2   0     4        0        4           1           1  18.825847  22.694600  40.7083  21.792286     745        3444  4189
111      112  22-04-2018       2   0     4        0        5           1           2  13.803347  16.097700  72.9583  14.707907     177        1506  1683
112      113  23-04-2018       2   0     4        0        6           0           2  18.860000  22.506050  88.7917  15.458575    1462        2574  4036
113      114  24-04-2018       2   0     4        0        0           0           2  23.848347  27.588150  81.0833  12.875725    1710        2481  4191
114      115  25-04-2018       2   0     4        0        1           1           1  24.873347  28.725000  77.6667  12.417311     773        3300  4073
115      116  26-04-2018       2   0     4        0        2           1           1  25.898347  29.704150  72.9167  21.875500     678        3722  4400
116      117  27-04-2018       2   0     4        0        3           1           2  25.420000  28.757100  83.5417  20.917400     547        3325  3872
117      118  28-04-2018       2   0     4        0        4           1           2  25.317500  28.946450  70.0833  21.500836     569        3489  4058
118      119  29-04-2018       2   0     4        0        5           1           1  20.910000  24.873150  45.7083  16.084221     878        3717  4595
119      120  30-04-2018       2   0     4        0        6           0           1  19.372500  23.201050  50.3333  15.750025    1965        3347  5312
120      121  01-05-2018       2   0     5        0        0           0           2  18.518347  22.410200  76.2083   7.125718    1138        2213  3351
121      122  02-05-2018       2   0     5        0        1           1           2  22.515847  26.641650  73.0000  12.291418     847        3554  4401
122      123  03-05-2018       2   0     5        0        2           1           2  25.283347  29.103950  69.7083  22.958689     603        3848  4451
123      124  04-05-2018       2   0     5        0        3           1           2  16.980847  20.232500  73.7083  22.042732     255        2378  2633
124      125  05-05-2018       2   0     5        0        4           1           1  18.825847  22.095850  44.4167  19.791264     614        3819  4433
125      126  06-05-2018       2   0     5        0        5           1           1  19.645847  23.705850  59.0000  15.292482     894        3714  4608
126      127  07-05-2018       2   0     5        0        6           0           1  21.320000  25.631050  54.1250  10.750150    1612        3102  4714
127      128  08-05-2018       2   0     5        0        0           0           1  21.661653  25.946650  63.1667   5.000712    1401        2932  4333
128      129  09-05-2018       2   0     5        0        1           1           1  21.832500  26.262300  58.8750  11.792000     664        3698  4362
129      130  10-05-2018       2   0     5        0        2           1           1  21.832500  26.136050  48.9167   7.749957     694        4109  4803
130      131  11-05-2018       2   0     5        0        3           1           1  22.242500  26.420000  63.2917   8.083014     550        3632  4182
131      132  12-05-2018       2   0     5        0        4           1           1  21.935000  26.168150  74.7500  12.707689     695        4169  4864
132      133  13-05-2018       2   0     5        0        5           1           2  21.012500  24.715000  86.3333  12.041575     692        3413  4105
133      134  14-05-2018       2   0     5        0        6           0           2  21.354153  25.031450  92.2500   9.041650     902        2507  3409
134      135  15-05-2018       2   0     5        0        0           0           2  23.062500  26.800000  86.7083  10.249593    1582        2971  4553
135      136  16-05-2018       2   0     5        0        1           1           1  23.677500  27.525600  78.7917   8.500357     773        3185  3958
136      137  17-05-2018       2   0     5        0        2           1           2  23.028347  26.926450  83.7917  18.582718     678        3445  4123
137      138  18-05-2018       2   0     5        0        3           1           2  22.550000  26.357900  87.0000  13.499964     536        3319  3855
138      139  19-05-2018       2   0     5        0        4           1           2  21.764153  25.537100  82.9583   7.250271     735        3840  4575
139      140  20-05-2018       2   0     5        0        5           1           1  22.003347  26.452100  71.9583   8.375871     909        4008  4917
140      141  21-05-2018       2   0     5        0        6           0           1  24.702500  28.598750  62.6667   8.083550    2258        3547  5805
141      142  22-05-2018       2   0     5        0        0           0           1  24.770847  28.725000  74.9583   9.916536    1576        3084  4660
142      143  23-05-2018       2   0     5        0        1           1           2  25.898347  29.514800  81.0000  15.667414     836        3438  4274
143      144  24-05-2018       2   0     5        0        2           1           2  27.060000  30.240650  74.0833  13.875164     659        3833  4492
144      145  25-05-2018       2   0     5        0        3           1           1  27.094153  30.777100  69.6250  10.333611     740        4238  4978
145      146  26-05-2018       2   0     5        0        4           1           1  29.041653  32.734400  67.7500  13.376014     758        3919  4677
146      147  27-05-2018       2   0     5        0        5           1           1  27.948347  31.850400  65.3750  16.125493     871        3808  4679
147      148  28-05-2018       2   0     5        0        6           0           1  26.889153  30.618950  72.9583  15.416164    2001        2757  4758
148      149  29-05-2018       2   0     5        0        0           0           1  27.367500  30.777500  81.8750  14.333846    2355        2433  4788
149      150  30-05-2018       2   0     5        1        1           0           1  30.066653  33.554600  68.5000   8.792075    1549        2549  4098
150      151  31-05-2018       2   0     5        0        2           1           1  31.775000  36.269150  63.6667   7.459043     673        3309  3982
151      152  01-06-2018       2   0     6        0        3           1           2  31.330847  36.048350  67.7083  13.875164     513        3461  3974
152      153  02-06-2018       2   0     6        0        4           1           1  29.315000  32.197100  30.5000  19.583229     736        4232  4968
153      154  03-06-2018       2   0     6        0        5           1           1  25.420000  29.356650  35.4167  16.959107     898        4414  5312
154      155  04-06-2018       2   0     6        0        6           0           1  26.035000  29.734800  45.6250   8.250514    1869        3473  5342
155      156  05-06-2018       2   0     6        0        0           0           2  26.581653  30.840200  65.2500   9.292364    1685        3221  4906
156      157  06-06-2018       2   0     6        0        1           1           1  27.811653  31.092900  60.0000   8.167032     673        3875  4548
157      158  07-06-2018       2   0     6        0        2           1           1  29.007500  32.797500  59.7917  12.583136     763        4070  4833
158      159  08-06-2018       2   0     6        0        3           1           1  31.809153  36.363950  62.2083   9.166739     676        3725  4401
159      160  09-06-2018       2   0     6        0        4           1           2  33.141653  37.878950  56.8333  10.042161     563        3352  3915
160      161  10-06-2018       2   0     6        0        5           1           1  30.955000  35.164600  60.5000   9.417118     815        3771  4586
161      162  11-06-2018       2   0     6        0        6           0           1  29.725000  33.901900  65.4583  10.374950    1729        3237  4966
162      163  12-06-2018       2   0     6        0        0           0           1  28.392500  32.166250  74.7917  10.958989    1467        2993  4460
163      164  13-06-2018       2   0     6        0        1           1           1  26.035000  30.082700  49.4583  20.458450     863        4157  5020
164      165  14-06-2018       2   0     6        0        2           1           1  24.770847  29.577300  50.7083  18.041961     727        4164  4891
165      166  15-06-2018       2   0     6        0        3           1           1  25.693347  29.387700  47.1667  11.250104     769        4411  5180
166      167  16-06-2018       2   0     6        0        4           1           2  25.761653  29.767300  68.8333  13.833557     545        3222  3767
167      168  17-06-2018       2   0     6        0        5           1           1  26.615847  30.019150  73.5833   9.582943     863        3981  4844
168      169  18-06-2018       2   0     6        0        6           0           1  28.563347  32.197700  67.0417   8.000336    1807        3312  5119
169      170  19-06-2018       2   0     6        0        0           0           2  28.665847  32.292300  66.6667   6.834000    1639        3105  4744
170      171  20-06-2018       2   0     6        0        1           1           2  26.035000  29.767300  74.6250  10.416825     699        3311  4010
171      172  21-06-2018       3   0     6        0        2           1           2  27.914153  31.882300  77.0417  11.458675     774        4061  4835
172      173  22-06-2018       3   0     6        0        3           1           1  30.066653  34.691450  70.7500  11.541554     661        3846  4507
173      174  23-06-2018       3   0     6        0        4           1           2  29.861653  34.691650  70.3333  15.999868     746        4044  4790
174      175  24-06-2018       3   0     6        0        5           1           1  29.690847  32.829150  57.3333  14.875675     969        4022  4991
175      176  25-06-2018       3   0     6        0        6           0           1  28.495000  32.165650  48.3333  14.041257    1782        3420  5202
176      177  26-06-2018       3   0     6        0        0           0           1  27.880000  31.881450  51.3333   6.333731    1920        3385  5305
177      178  27-06-2018       3   0     6        0        1           1           2  27.982500  31.850200  65.8333   7.208396     854        3854  4708
178      179  28-06-2018       3   0     6        0        2           1           1  30.510847  34.627900  63.4167   9.666961     732        3916  4648
179      180  29-06-2018       3   0     6        0        3           1           1  29.861653  32.734400  49.7917  17.542007     848        4377  5225
180      181  30-06-2018       3   0     6        0        4           1           1  28.563347  31.850400  43.4167  12.415904    1027        4488  5515
181      182  01-07-2018       3   0     7        0        5           1           1  29.622500  32.608100  39.6250   6.874736    1246        4116  5362
182      183  02-07-2018       3   0     7        0        6           0           1  30.271653  33.365400  44.4583   7.709154    2204        2915  5119
183      184  03-07-2018       3   0     7        0        0           0           2  29.383347  33.428750  68.2500  15.333486    2282        2367  4649
184      185  04-07-2018       3   0     7        1        1           0           2  29.793347  33.270850  63.7917   5.459106    3065        2978  6043
185      186  05-07-2018       3   0     7        0        2           1           1  30.613347  34.816900  59.0417   8.459286    1031        3634  4665
186      187  06-07-2018       3   0     7        0        3           1           1  29.520000  34.281650  74.3333  10.042161     784        3845  4629
187      188  07-07-2018       3   0     7        0        4           1           1  30.750000  34.343550  65.1250  10.666400     754        3838  4592
188      189  08-07-2018       3   0     7        0        5           1           2  29.075847  33.524150  75.7917  15.083643     692        3348  4040
189      190  09-07-2018       3   0     7        0        6           0           1  30.066653  33.207900  60.9167  11.250104    1988        3348  5336
190      191  10-07-2018       3   0     7        0        0           0           1  30.647500  34.501250  57.8333  12.292557    1743        3138  4881
191      192  11-07-2018       3   0     7        0        1           1           1  31.262500  36.490200  63.5833  18.916579     723        3363  4086
192      193  12-07-2018       3   0     7        0        2           1           1  32.560847  36.963750  55.9167  13.417018     662        3596  4258
193      194  13-07-2018       3   0     7        0        3           1           1  30.613347  34.470200  63.1667   9.790911     748        3594  4342
194      195  14-07-2018       3   0     7        0        4           1           1  27.914153  31.755200  47.6250  16.124689     888        4196  5084
195      196  15-07-2018       3   0     7        0        5           1           1  27.196653  31.218550  59.1250  12.249811    1318        4220  5538
196      197  16-07-2018       3   0     7        0        6           0           1  28.153347  31.913150  58.5000  13.958914    2418        3505  5923
197      198  17-07-2018       3   0     7        0        0           0           1  29.485847  33.491650  60.4167  16.417211    2006        3296  5302
198      199  18-07-2018       3   0     7        0        1           1           1  30.613347  35.196250  65.1250  14.458868     841        3617  4458
199      200  19-07-2018       3   0     7        0        2           1           1  31.843347  37.373950  65.0417   8.750200     752        3789  4541
200      201  20-07-2018       3   0     7        0        3           1           1  31.501653  37.342500  70.7083   7.625739     644        3688  4332
201      202  21-07-2018       3   0     7        0        4           1           2  33.415000  41.318550  69.1250  14.875407     632        3152  3784
202      203  22-07-2018       3   0     7        0        5           1           1  34.781653  42.044800  58.0417   8.917700     562        2825  3387
203      204  23-07-2018       3   0     7        0        6           0           1  34.815847  40.214350  50.0000   8.791807     987        2298  3285
204      205  24-07-2018       3   0     7        0        0           0           1  34.030000  39.741450  55.0833  11.334457    1050        2556  3606
205      206  25-07-2018       3   0     7        0        1           1           1  30.476653  36.047900  75.7083   6.084156     568        3272  3840
206      207  26-07-2018       3   0     7        0        2           1           1  31.638347  34.848950  54.0833  13.417286     750        3840  4590
207      208  27-07-2018       3   0     7        0        3           1           1  31.775000  34.533350  40.2917  12.292021     755        3901  4656
208      209  28-07-2018       3   0     7        0        4           1           1  31.945847  36.995000  58.3333  11.958093     606        3784  4390
209      210  29-07-2018       3   0     7        0        5           1           1  34.371653  39.298350  54.2500  11.667246     670        3176  3846
210      211  30-07-2018       3   0     7        0        6           0           1  32.970847  36.426850  46.5833  11.291979    1559        2916  4475
211      212  31-07-2018       3   0     7        0        0           0           1  33.039153  36.489800  48.0833  11.042471    1524        2778  4302
212      213  01-08-2018       3   0     8        0        1           1           1  31.638347  35.164600  55.0833  10.500039     729        3537  4266
213      214  02-08-2018       3   0     8        0        2           1           1  32.116653  35.353550  49.1250  13.791950     801        4044  4845
214      215  03-08-2018       3   0     8        0        3           1           2  29.998347  33.996850  65.7500   9.084061     467        3107  3574
215      216  04-08-2018       3   0     8        0        4           1           2  29.110000  33.239400  75.7500  13.209050     799        3777  4576
216      217  05-08-2018       3   0     8        0        5           1           1  29.144153  32.828350  63.0833  12.374632    1023        3843  4866
217      218  06-08-2018       3   0     8        0        6           0           2  29.383347  33.807700  75.5000  15.292750    1521        2773  4294
218      219  07-08-2018       3   0     8        0        0           0           1  30.442500  35.764600  75.2917  13.499629    1298        2487  3785
219      220  08-08-2018       3   0     8        0        1           1           1  31.365000  35.164150  59.2083  12.875725     846        3480  4326
220      221  09-08-2018       3   0     8        0        2           1           1  31.775000  36.206050  57.0417  10.125107     907        3695  4602
221      222  10-08-2018       3   0     8        0        3           1           1  31.433347  34.249150  42.4167  13.417286     884        3896  4780
222      223  11-08-2018       3   0     8        0        4           1           1  29.417500  32.576050  42.3750  11.041332     812        3980  4792
223      224  12-08-2018       3   0     8        0        5           1           1  29.041653  32.702100  41.5000   8.416607    1051        3854  4905
224      225  13-08-2018       3   0     8        0        6           0           2  28.119153  32.292900  72.9583  14.167418    1504        2646  4150
225      226  14-08-2018       3   0     8        0        0           0           2  27.743347  31.219400  81.7500  14.916411    1338        2482  3820
226      227  15-08-2018       3   0     8        0        1           1           1  27.299153  30.808350  71.2083  13.999918     775        3563  4338
227      228  16-08-2018       3   0     8        0        2           1           1  28.734153  32.291850  57.8333  15.834043     721        4004  4725
228      229  17-08-2018       3   0     8        0        3           1           1  29.656653  33.333550  57.5417   9.625689     668        4026  4694
229      230  18-08-2018       3   0     8        0        4           1           1  29.178347  33.112900  65.4583  15.624936     639        3166  3805
230      231  19-08-2018       3   0     8        0        5           1           2  28.085000  31.661050  72.2917   9.333636     797        3356  4153
231      232  20-08-2018       3   0     8        0        6           0           1  28.597500  32.449800  67.4167   6.999289    1914        3277  5191
232      233  21-08-2018       3   0     8        0        0           0           1  29.144153  33.776250  77.0000  16.666518    1249        2624  3873
233      234  22-08-2018       3   0     8        0        1           1           1  28.358347  31.912700  47.0000  18.542250     833        3925  4758
234      235  23-08-2018       3   0     8        0        2           1           1  26.274153  30.303350  45.5417   9.833121    1281        4614  5895
235      236  24-08-2018       3   0     8        0        3           1           1  27.606653  31.534600  60.5000  16.958236     949        4181  5130
236      237  25-08-2018       3   0     8        0        4           1           2  28.050847  32.292700  77.1667  14.125811     435        3107  3542
237      238  26-08-2018       3   0     8        0        5           1           1  28.700000  32.986650  76.1250   5.625488     768        3893  4661
238      239  27-08-2018       3   0     8        0        6           0           2  27.880000  31.777800  85.0000  25.166339     226         889  1115
239      240  28-08-2018       3   0     8        0        0           0           1  28.989419  32.397950  56.1765  20.412153    1415        2919  4334
240      241  29-08-2018       3   0     8        0        1           1           1  26.103347  30.397900  55.4583  10.708275     729        3905  4634
241      242  30-08-2018       3   0     8        0        2           1           1  26.205847  29.735200  54.8333   8.375536     775        4429  5204
242      243  31-08-2018       3   0     8        0        3           1           1  26.923347  30.556050  59.7917   5.583331     688        4370  5058
243      244  01-09-2018       3   0     9        0        4           1           1  26.855000  30.746050  63.9167   9.500332     783        4332  5115
244      245  02-09-2018       3   0     9        0        5           1           2  26.376653  30.240400  72.7083   9.375243     875        3852  4727
245      246  03-09-2018       3   0     9        0        6           0           1  27.435847  31.660650  71.6667  12.416775    1935        2549  4484
246      247  04-09-2018       3   0     9        0        0           0           1  29.075847  33.271450  74.2083  13.833289    2521        2419  4940
247      248  05-09-2018       3   0     9        1        1           0           2  27.606653  31.282300  79.0417  14.250632    1236        2115  3351
248      249  06-09-2018       3   0     9        0        2           1           3  22.140000  25.760000  88.6957  23.044181     204        2506  2710
249      250  07-09-2018       3   0     9        0        3           1           3  24.565847  27.211450  91.7083   6.500394     118        1878  1996
250      251  08-09-2018       3   0     9        0        4           1           3  25.990433  27.768050  93.9565  12.914116     153        1689  1842
251      252  09-09-2018       3   0     9        0        5           1           2  26.650000  28.947300  89.7917   8.333393     417        3127  3544
252      253  10-09-2018       3   0     9        0        6           0           1  27.060000  30.398100  75.3750  10.291736    1750        3595  5345
253      254  11-09-2018       3   0     9        0        0           0           1  26.786653  30.461450  71.3750   7.708618    1633        3413  5046
254      255  12-09-2018       3   0     9        0        1           1           1  26.418268  30.106500  69.2174   5.957171     690        4023  4713
255      256  13-09-2018       3   0     9        0        2           1           1  26.684153  30.177700  71.2500   9.500868     701        4062  4763
256      257  14-09-2018       3   0     9        0        3           1           1  27.606653  31.345000  69.7083  11.209100     647        4138  4785
257      258  15-09-2018       3   0     9        0        4           1           2  23.677500  27.683550  70.9167  18.166782     428        3231  3659
258      259  16-09-2018       3   0     9        0        5           1           2  19.235847  23.073750  59.0417  11.000261     742        4018  4760
259      260  17-09-2018       3   0     9        0        6           0           2  20.158347  23.925600  71.8333  12.708225    1434        3077  4511
260      261  18-09-2018       3   0     9        0        0           0           1  20.807500  24.526850  69.5000  11.958361    1353        2921  4274
261      262  19-09-2018       3   0     9        0        1           1           2  22.515847  26.483750  69.0000  10.166714     691        3848  4539
262      263  20-09-2018       3   0     9        0        2           1           2  23.028347  26.610850  88.1250   9.041918     438        3203  3641
263      264  21-09-2018       3   0     9        0        3           1           2  24.395000  27.526650  90.0000   6.459081     539        3813  4352
264      265  22-09-2018       3   0     9        0        4           1           2  25.761653  27.748150  90.2083   8.584375     555        4240  4795
265      266  23-09-2018       4   0     9        0        5           1           2  24.975847  26.106250  97.2500   5.250569     258        2137  2395
266      267  24-09-2018       4   0     9        0        6           0           2  24.873347  28.220600  86.2500   5.251681    1776        3647  5423
267      268  25-09-2018       4   0     9        0        0           0           2  26.000847  28.631850  84.5000   3.375406    1544        3466  5010
268      269  26-09-2018       4   0     9        0        1           1           2  26.615847  29.452100  84.8333   7.416900     684        3946  4630
269      270  27-09-2018       4   0     9        0        2           1           2  26.103347  28.726250  88.5417   7.917457     477        3643  4120
270      271  28-09-2018       4   0     9        0        3           1           2  26.035000  28.757900  84.8750   9.958143     480        3427  3907
271      272  29-09-2018       4   0     9        0        4           1           1  25.283347  28.725600  69.9167  11.583161     653        4186  4839
272      273  30-09-2018       4   0     9        0        5           1           1  23.130847  27.241450  64.7500  13.833825     830        4372  5202
273      274  01-10-2018       4   0    10        0        6           0           2  16.810000  20.643150  75.3750  19.583832     480        1949  2429
274      275  02-10-2018       4   0    10        0        0           0           2  14.623347  17.265850  79.1667  14.874871     616        2302  2918
275      276  03-10-2018       4   0    10        0        1           1           2  15.750847  19.602300  76.0833   5.584169     330        3240  3570
276      277  04-10-2018       4   0    10        0        2           1           1  19.850847  23.642900  71.0000  13.792218     486        3970  4456
277      278  05-10-2018       4   0    10        0        3           1           1  22.071653  26.356900  64.7917  11.875750     559        4267  4826
278      279  06-10-2018       4   0    10        0        4           1           1  20.260847  24.021250  62.0833   9.041918     639        4126  4765
279      280  07-10-2018       4   0    10        0        5           1           1  20.944153  25.220200  68.4167   1.500244     949        4036  4985
280      281  08-10-2018       4   0    10        0        6           0           1  21.388347  25.662100  70.1250   3.042081    2235        3174  5409
281      282  09-10-2018       4   0    10        0        0           0           1  22.174153  26.199150  72.7500   4.251150    2397        3114  5511
282      283  10-10-2018       4   0    10        1        1           0           1  23.404153  27.146250  73.3750   2.834381    1514        3603  5117
283      284  11-10-2018       4   0    10        0        2           1           2  23.233347  27.304800  80.8750   9.583814     667        3896  4563
284      285  12-10-2018       4   0    10        0        3           1           3  22.276653  25.885850  90.6250  16.626050     217        2199  2416
285      286  13-10-2018       4   0    10        0        4           1           2  24.155847  27.590200  89.6667   9.499729     290        2623  2913
286      287  14-10-2018       4   0    10        0        5           1           2  22.584153  26.483750  71.6250  15.000161     529        3115  3644
287      288  15-10-2018       4   0    10        0        6           0           1  20.773347  24.936250  48.3333  17.291561    1899        3318  5217
288      289  16-10-2018       4   0    10        0        0           0           1  20.978347  25.157700  48.6667  18.875039    1748        3293  5041
289      290  17-10-2018       4   0    10        0        1           1           1  21.900847  25.536250  57.9583  11.750393     713        3857  4570
290      291  18-10-2018       4   0    10        0        2           1           2  21.832500  26.136050  70.1667   7.375829     637        4111  4748
291      292  19-10-2018       4   0    10        0        3           1           3  22.211299  25.692400  89.5217  16.303713     254        2170  2424
292      293  20-10-2018       4   0    10        0        4           1           1  19.509153  23.326250  63.6250  28.292425     471        3724  4195
293      294  21-10-2018       4   0    10        0        5           1           1  17.527500  21.179800  57.4167  14.833532     676        3628  4304
294      295  22-10-2018       4   0    10        0        6           0           1  17.322500  21.274600  62.9167   6.208669    1499        2809  4308
295      296  23-10-2018       4   0    10        0        0           0           1  17.288347  21.116650  74.1250   6.667338    1619        2762  4381
296      297  24-10-2018       4   0    10        0        1           1           1  18.996653  22.853350  77.2083   7.959064     699        3488  4187
297      298  25-10-2018       4   0    10        0        2           1           1  19.338347  23.168750  62.2917  11.166086     695        3992  4687
298      299  26-10-2018       4   0    10        0        3           1           2  19.850847  23.642300  72.0417   9.959014     404        3490  3894
299      300  27-10-2018       4   0    10        0        4           1           2  19.270000  22.852300  81.2917  13.250121     240        2419  2659
300      301  28-10-2018       4   0    10        0        5           1           2  13.564153  15.940600  58.5833  15.375093     456        3291  3747
301      302  29-10-2018       4   0    10        0        6           0           3  10.420847  11.395650  88.2500  23.541857      57         570   627
302      303  30-10-2018       4   0    10        0        0           0           1  13.085847  16.066450  62.3750  11.833339     885        2446  3331
303      304  31-10-2018       4   0    10        0        1           1           1  13.940000  17.803150  70.3333   7.125450     362        3307  3669
304      305  01-11-2018       4   0    11        0        2           1           1  16.434153  19.854400  68.3750   9.083257     410        3658  4068
305      306  02-11-2018       4   0    11        0        3           1           1  15.477500  19.506650  71.8750   5.500144     370        3816  4186
306      307  03-11-2018       4   0    11        0        4           1           1  16.741653  20.296050  70.2083   9.166739     318        3656  3974
307      308  04-11-2018       4   0    11        0        5           1           2  16.536653  20.169600  62.2500  18.209193     470        3576  4046
308      309  05-11-2018       4   0    11        0        6           0           1  13.393347  16.192700  51.9167  12.667154    1156        2770  3926
309      310  06-11-2018       4   0    11        0        0           0           1  14.281653  18.117900  73.4583   6.167631     952        2697  3649
310      311  07-11-2018       4   0    11        0        1           1           1  16.195000  20.043550  75.8750   3.834075     373        3662  4035
311      312  08-11-2018       4   0    11        0        2           1           1  16.741653  20.612300  72.1667   4.625513     376        3829  4205
312      313  09-11-2018       4   0    11        0        3           1           1  16.400000  20.453950  75.8333   4.167119     305        3804  4109
313      314  10-11-2018       4   0    11        0        4           1           2  15.580000  18.686050  81.3333  12.667489     190        2743  2933
314      315  11-11-2018       4   0    11        1        5           0           1  13.290847  15.340850  44.6250  21.083225     440        2928  3368
315      316  12-11-2018       4   0    11        0        6           0           1  14.623347  17.897100  55.2917  14.208154    1275        2792  4067
316      317  13-11-2018       4   0    11        0        0           0           1  18.074153  21.527500  45.8333  18.875307    1004        2713  3717
317      318  14-11-2018       4   0    11        0        1           1           1  21.730000  26.230600  58.7083  20.541932     595        3891  4486
318      319  15-11-2018       4   0    11        0        2           1           2  21.730000  25.378950  68.8750  13.375411     449        3746  4195
319      320  16-11-2018       4   0    11        0        3           1           3  18.723347  22.599400  93.0000   9.167543     145        1672  1817
320      321  17-11-2018       4   0    11        0        4           1           2  14.008347  16.161050  57.5833  20.459254     139        2914  3053
321      322  18-11-2018       4   0    11        0        5           1           1  11.240847  13.636050  41.0000  11.291711     245        3147  3392
322      323  19-11-2018       4   0    11        0        6           0           1  13.495847  16.224150  50.2083  15.041232     943        2720  3663
323      324  20-11-2018       4   0    11        0        0           0           2  18.996653  22.852900  68.4583  12.458650     787        2733  3520
324      325  21-11-2018       4   0    11        0        1           1           3  18.347500  22.253100  91.0000   9.249618     220        2545  2765
325      326  22-11-2018       4   0    11        0        2           1           3  17.083347  21.084800  96.2500   7.959064      69        1538  1607
326      327  23-11-2018       4   0    11        0        3           1           2  18.074153  21.526850  75.7917  22.500275     112        2454  2566
327      328  24-11-2018       4   0    11        1        4           0           1  15.306653  18.623550  54.9167  11.209368     560         935  1495
328      329  25-11-2018       4   0    11        0        5           1           1  15.375000  19.033550  64.3750   6.626019    1095        1697  2792
329      330  26-11-2018       4   0    11        0        6           0           1  15.409153  19.254350  68.1667   4.584194    1249        1819  3068
330      331  27-11-2018       4   0    11        0        0           0           1  18.825847  22.790000  69.8333  13.999918     810        2261  3071
331      332  28-11-2018       4   0    11        0        1           1           1  20.642598  24.506100  74.3043   9.522174     253        3614  3867
332      333  29-11-2018       4   0    11        0        2           1           2  18.791653  22.568750  83.0833  17.292164      96        2818  2914
333      334  30-11-2018       4   0    11        0        3           1           1  13.325000  15.561050  61.3333  18.167586     188        3425  3613
334      335  01-12-2018       4   0    12        0        4           1           1  12.812500  15.277700  52.4583  14.750586     182        3545  3727
335      336  02-12-2018       4   0    12        0        5           1           1  12.880847  16.571650  62.5833   6.750518     268        3672  3940
336      337  03-12-2018       4   0    12        0        6           0           1  12.265847  15.530200  61.2917   6.417481     706        2908  3614
337      338  04-12-2018       4   0    12        0        0           0           1  13.564153  17.455000  77.5833   5.625206     634        2851  3485
338      339  05-12-2018       4   0    12        0        1           1           2  15.819153  19.696250  82.7083   4.167956     233        3578  3811
339      340  06-12-2018       4   0    12        0        2           1           3  18.962500  22.820000  94.9583  15.583061     126        2468  2594
340      341  07-12-2018       4   0    12        0        3           1           3  16.810000  20.012300  97.0417  17.833725      50         655   705
341      342  08-12-2018       4   0    12        0        4           1           1  10.899153  12.846900  58.0000  16.083886     150        3172  3322
342      343  09-12-2018       4   0    12        0        5           1           1  11.924153  15.877100  69.5833   5.542019     261        3359  3620
343      344  10-12-2018       4   0    12        0        6           0           1  11.275000  13.320600  50.7500  15.625807     502        2688  3190
344      345  11-12-2018       4   0    12        0        0           0           1   9.054153  12.657700  49.0000   4.458294     377        2366  2743
345      346  12-12-2018       4   0    12        0        1           1           1   9.771653  13.509800  67.0833   4.251150     143        3167  3310
346      347  13-12-2018       4   0    12        0        2           1           1  11.582500  15.056900  59.0000   9.416850     155        3368  3523
347      348  14-12-2018       4   0    12        0        3           1           2  13.017500  16.918100  66.3750   4.084206     178        3562  3740
348      349  15-12-2018       4   0    12        0        4           1           2  17.322500  20.611850  63.4167  17.958814     181        3528  3709
349      350  16-12-2018       4   0    12        0        5           1           2  15.375000  17.991250  50.0417  17.458525     178        3399  3577
350      351  17-12-2018       4   0    12        0        6           0           2  10.591653  12.468550  56.0833  16.292189     275        2464  2739
351      352  18-12-2018       4   0    12        0        0           0           1   9.771653  12.278950  58.6250  11.375193     220        2211  2431
352      353  19-12-2018       4   0    12        0        1           1           1  11.343347  14.046650  63.7500  11.584032     260        3143  3403
353      354  20-12-2018       4   0    12        0        2           1           2  15.819153  19.822700  59.5417   4.125244     216        3534  3750
354      355  21-12-2018       1   0    12        0        3           1           2  17.561653  21.400850  85.8333  14.833800     107        2553  2660
355      356  22-12-2018       1   0    12        0        4           1           2  17.356653  21.306050  75.7500   3.167425     227        2841  3068
356      357  23-12-2018       1   0    12        0        5           1           1  15.306653  18.875650  68.6250  18.374482     163        2046  2209
357      358  24-12-2018       1   0    12        0        6           0           1  12.402500  14.962100  54.2500  12.750368     155         856  1011
358      359  25-12-2018       1   0    12        0        0           0           1  11.266103  13.998050  68.1304  10.391097     303         451   754
359      360  26-12-2018       1   0    12        1        1           0           1  13.191299  15.776750  50.6957  16.044155     430         887  1317
360      361  27-12-2018       1   0    12        0        2           1           2  13.325000  16.381650  76.2500  12.626150     103        1059  1162
361      362  28-12-2018       1   0    12        0        3           1           1  12.264330  13.998700  50.3913  19.695387     255        2047  2302
362      363  29-12-2018       1   0    12        0        4           1           1  10.181653  13.194600  57.4167   8.000604     254        2169  2423
363      364  30-12-2018       1   0    12        0        5           1           1  12.778347  15.940600  63.6667   9.000579     491        2508  2999
364      365  31-12-2018       1   0    12        0        6           0           1  16.810000  20.706050  61.5833  14.750318     665        1820  2485
365      366  01-01-2019       1   1     1        0        0           0           1  15.170000  18.781050  69.2500  12.875189     686        1608  2294
366      367  02-01-2019       1   1     1        1        1           0           1  11.194763  12.615200  38.1304  22.087555     244        1707  1951
367      368  03-01-2019       1   1     1        0        2           1           1   6.150000   6.313750  44.1250  24.499957      89        2147  2236
368      369  04-01-2019       1   1     1        0        3           1           2   4.407500   5.966850  41.4583  12.374900      95        2273  2368
369      370  05-01-2019       1   1     1        0        4           1           1  10.899153  13.920600  52.4167   8.709129     140        3132  3272
370      371  06-01-2019       1   1     1        0        5           1           1  13.700847  17.013350  54.2083  11.249836     307        3791  4098
371      372  07-01-2019       1   1     1        0        6           0           1  16.126653  19.538950  53.1667  11.708786    1070        3451  4521
372      373  08-01-2019       1   1     1        0        0           0           1  13.837500  17.012900  46.5000  12.833314     599        2826  3425
373      374  09-01-2019       1   1     1        0        1           1           2   9.190847  12.373950  70.1667   6.626300     106        2270  2376
374      375  10-01-2019       1   1     1        0        2           1           1  12.656536  15.941300  64.6522  12.565984     173        3425  3598
375      376  11-01-2019       1   1     1        0        3           1           2  11.240847  14.141050  84.7500   8.791807      92        2085  2177
376      377  12-01-2019       1   1     1        0        4           1           2  15.682500  19.096900  80.2917  12.124789     269        3828  4097
377      378  13-01-2019       1   1     1        0        5           1           1  11.240847  12.468100  50.7500  25.333236     174        3040  3214
378      379  14-01-2019       1   1     1        0        6           0           1   7.380000   9.154350  45.7500  12.541261     333        2160  2493
379      380  15-01-2019       1   1     1        0        0           0           1   6.833347   8.081250  41.9167  16.834286     284        2027  2311
380      381  16-01-2019       1   1     1        1        1           0           1   7.790000   9.533150  52.2500  15.500986     217        2081  2298
381      382  17-01-2019       1   1     1        0        2           1           2  15.294763  18.213900  71.6087  23.391710     127        2808  2935
382      383  18-01-2019       1   1     1        0        3           1           1  12.436653  13.762700  44.3333  27.833743     109        3267  3376
383      384  19-01-2019       1   1     1        0        4           1           1   7.790000   9.501900  49.7500  14.750586     130        3162  3292
384      385  20-01-2019       1   1     1        0        5           1           2   8.917500  11.047900  45.0000  13.584250     115        3048  3163
385      386  21-01-2019       1   1     1        0        6           0           2   7.106653   8.743750  83.1250  14.917014      67        1234  1301
386      387  22-01-2019       1   1     1        0        0           0           2   6.662500   8.112500  79.6250  13.375746     196        1781  1977
387      388  23-01-2019       1   1     1        0        1           1           2   8.951653  12.152900  91.1250   7.417436     145        2287  2432
388      389  24-01-2019       1   1     1        0        2           1           1  14.042500  17.455400  83.5833   8.292389     439        3900  4339
389      390  25-01-2019       1   1     1        0        3           1           1  12.060847  14.741050  64.3750  10.791757     467        3803  4270
390      391  26-01-2019       1   1     1        0        4           1           2  14.008347  17.802500  76.9583   4.917519     244        3831  4075
391      392  27-01-2019       1   1     1        0        5           1           2  17.425000  20.769150  74.1250  22.958689     269        3187  3456
392      393  28-01-2019       1   1     1        0        6           0           1  12.949153  16.318950  54.3333  14.125543     775        3248  4023
393      394  29-01-2019       1   1     1        0        0           0           1  11.582500  13.636050  31.1250  16.083350     558        2685  3243
394      395  30-01-2019       1   1     1        0        1           1           1  11.035847  13.131250  40.0833  14.458064     126        3498  3624
395      396  31-01-2019       1   1     1        0        2           1           1  15.990000  19.065850  41.6667  17.541739     324        4185  4509
396      397  01-02-2019       1   1     2        0        3           1           1  19.235847  23.326900  50.7917  12.667489     304        4275  4579
397      398  02-02-2019       1   1     2        0        4           1           2  16.365847  19.948550  67.2917  12.541529     190        3571  3761
398      399  03-02-2019       1   1     2        0        5           1           1  12.846653  15.467300  52.6667  11.959232     310        3841  4151
399      400  04-02-2019       1   1     2        0        6           0           2  10.830847  13.636250  77.9583   8.167032     384        2448  2832
400      401  05-02-2019       1   1     2        0        0           0           2  10.899153  13.226050  68.7917  11.791732     318        2629  2947
401      402  06-02-2019       1   1     2        0        1           1           1  11.586969  14.821300  62.2174  10.304600     206        3578  3784
402      403  07-02-2019       1   1     2        0        2           1           1  14.520847  18.055200  49.6250   9.874393     199        4176  4375
403      404  08-02-2019       1   1     2        0        3           1           2  10.523347  13.321050  72.2917   8.959307     109        2693  2802
404      405  09-02-2019       1   1     2        0        4           1           1  10.865000  13.099400  56.2083  13.000479     163        3667  3830
405      406  10-02-2019       1   1     2        0        5           1           2  11.514153  14.677900  54.0000   7.834243     227        3604  3831
406      407  11-02-2019       1   1     2        0        6           0           3   9.190847  10.543350  73.1250  19.416332     192        1977  2169
407      408  12-02-2019       1   1     2        0        0           0           1   5.227500   5.082900  46.4583  27.417204      73        1456  1529
408      409  13-02-2019       1   1     2        0        1           1           1   9.122500  11.395650  41.1250  11.207961      94        3328  3422
409      410  14-02-2019       1   1     2        0        2           1           2  13.085847  16.697300  50.8750   9.458993     135        3787  3922
410      411  15-02-2019       1   1     2        0        3           1           1  14.281653  17.581450  53.1250  12.167200     141        4028  4169
411      412  16-02-2019       1   1     2        0        4           1           2  12.983347  16.508100  75.2917   6.125475      74        2931  3005
412      413  17-02-2019       1   1     2        0        5           1           1  14.076653  17.581450  63.4583  13.791682     349        3805  4154
413      414  18-02-2019       1   1     2        0        6           0           1  14.213347  17.771250  53.4583  12.792243    1435        2883  4318
414      415  19-02-2019       1   1     2        0        0           0           2  11.480000  13.289400  51.5833  16.958504     618        2071  2689
415      416  20-02-2019       1   1     2        1        1           0           1  11.480000  13.669550  50.7826  15.348561     502        2627  3129
416      417  21-02-2019       1   1     2        0        2           1           1  11.800866  14.755650  59.4348  13.783039     163        3614  3777
417      418  22-02-2019       1   1     2        0        3           1           1  16.229153  19.633350  56.7917  15.709557     394        4379  4773
418      419  23-02-2019       1   1     2        0        4           1           1  18.620847  22.222300  55.4583  12.791171     516        4546  5062
419      420  24-02-2019       1   1     2        0        5           1           2  16.707500  20.548550  73.7500  15.916989     246        3241  3487
420      421  25-02-2019       1   1     2        0        6           0           1  11.924153  12.783750  39.5833  28.250014     317        2415  2732
421      422  26-02-2019       1   1     2        0        0           0           1  11.445847  13.415400  41.0000  13.750343     515        2874  3389
422      423  27-02-2019       1   1     2        0        1           1           1  15.033347  17.897700  49.0833  17.958211     253        4069  4322
423      424  28-02-2019       1   1     2        0        2           1           1  14.725847  17.676250  39.5833  12.958939     229        4134  4363
424      425  01-03-2019       1   1     3        0        4           1           1  19.919153  23.768550  61.5417  15.208129     325        4665  4990
425      426  02-03-2019       1   1     3        0        5           1           2  14.486653  17.992100  65.7083   9.708568     246        2948  3194
426      427  03-03-2019       1   1     3        0        6           0           2  16.980847  20.674600  62.1250  10.792293     956        3110  4066
427      428  04-03-2019       1   1     3        0        0           0           1  13.359153  15.151050  40.3333  22.416257     710        2713  3423
428      429  05-03-2019       1   1     3        0        1           1           1   9.976653  12.058550  50.6250  15.333486     203        3130  3333
429      430  06-03-2019       1   1     3        0        2           1           1  10.591653  12.752100  45.6667  13.458625     221        3735  3956
430      431  07-03-2019       1   1     3        0        3           1           1  16.570847  19.255000  51.3333  23.167193     432        4484  4916
431      432  08-03-2019       1   1     3        0        4           1           1  21.627500  26.230200  56.7500  29.584721     486        4896  5382
432      433  09-03-2019       1   1     3        0        5           1           2  16.844153  19.854150  40.7083  27.791600     447        4122  4569
433      434  10-03-2019       1   1     3        0        6           0           1  11.787500  13.888350  35.0417  15.125250     968        3150  4118
434      435  11-03-2019       1   1     3        0        0           0           1  14.831299  17.983500  47.6957  14.913329    1658        3253  4911
435      436  12-03-2019       1   1     3        0        1           1           1  19.133347  22.979600  48.9167  13.916771     838        4460  5298
436      437  13-03-2019       1   1     3        0        2           1           1  23.165000  27.146450  61.7500  15.875650     762        5085  5847
437      438  14-03-2019       1   1     3        0        3           1           1  23.472500  27.430850  50.7083   7.709154     997        5315  6312
438      439  15-03-2019       1   1     3        0        4           1           1  22.857500  26.641250  57.9583  10.042161    1005        5187  6192
439      440  16-03-2019       1   1     3        0        5           1           2  17.869153  21.811450  84.2083   7.583864     548        3830  4378
440      441  17-03-2019       1   1     3        0        6           0           2  21.080847  25.252300  75.5833   7.417168    3155        4681  7836
441      442  18-03-2019       1   1     3        0        0           0           2  19.372500  23.200000  81.0000   8.501161    2207        3685  5892
442      443  19-03-2019       1   1     3        0        1           1           1  22.345000  26.641050  72.8750  10.875239     982        5171  6153
443      444  20-03-2019       1   1     3        0        2           1           1  22.994153  26.926650  80.7917   8.125157    1051        5042  6093
444      445  21-03-2019       2   1     3        0        3           1           2  21.798347  25.662900  82.1250   6.000406    1122        5108  6230
445      446  22-03-2019       2   1     3        0        4           1           1  22.720847  26.578350  83.1250   7.876654    1334        5537  6871
446      447  23-03-2019       2   1     3        0        5           1           2  24.668347  28.503350  69.4167   7.792100    2469        5893  8362
447      448  24-03-2019       2   1     3        0        6           0           2  20.602500  24.336650  88.5417  12.916461    1033        2339  3372
448      449  25-03-2019       2   1     3        0        0           0           2  17.937500  21.874400  88.0833  14.791925    1532        3464  4996
449      450  26-03-2019       2   1     3        0        1           1           1  18.279153  21.937500  47.7917  25.917007     795        4763  5558
450      451  27-03-2019       2   1     3        0        2           1           1  13.256653  15.782700  29.0000  12.541864     531        4571  5102
451      452  28-03-2019       2   1     3        0        3           1           1  19.850847  23.547500  48.1250  19.541957     674        5024  5698
452      453  29-03-2019       2   1     3        0        4           1           1  20.260847  24.115200  43.9167  21.416550     834        5299  6133
453      454  30-03-2019       2   1     3        0        5           1           2  15.170000  18.781050  58.0833   9.250489     796        4663  5459
454      455  31-03-2019       2   1     3        0        6           0           2  17.390847  21.085400  73.8333  16.791339    2301        3934  6235
455      456  01-04-2019       2   1     4        0        0           0           2  17.459153  20.864350  67.6250  11.541889    2347        3694  6041
456      457  02-04-2019       2   1     4        0        1           1           1  17.790433  21.375650  50.4348  20.913313    1208        4728  5936
457      458  03-04-2019       2   1     4        0        2           1           1  19.133347  23.074150  39.6667   6.708911    1348        5424  6772
458      459  04-04-2019       2   1     4        0        3           1           1  22.208347  26.672500  46.9583  12.125325    1058        5378  6436
459      460  05-04-2019       2   1     4        0        4           1           1  17.835000  21.558150  37.4167  14.708443    1192        5265  6457
460      461  06-04-2019       2   1     4        0        5           1           1  16.536653  19.538350  37.7083  20.125996    1807        4653  6460
461      462  07-04-2019       2   1     4        0        6           0           1  17.937500  21.306450  25.4167  18.416357    3252        3605  6857
462      463  08-04-2019       2   1     4        0        0           0           1  20.500000  24.621250  27.5833  15.583932    2230        2939  5169
463      464  09-04-2019       2   1     4        0        1           1           1  20.055847  23.831900  31.7500  23.999132     905        4680  5585
464      465  10-04-2019       2   1     4        0        2           1           1  18.313347  21.811650  43.5000  16.708125     819        5099  5918
465      466  11-04-2019       2   1     4        0        3           1           1  14.296536  16.863700  46.9565  19.783358     482        4380  4862
466      467  12-04-2019       2   1     4        0        4           1           1  16.297500  19.380200  46.6250  19.458743     663        4746  5409
467      468  13-04-2019       2   1     4        0        5           1           1  18.142500  21.590400  40.8333  10.416557    1252        5146  6398
468      469  14-04-2019       2   1     4        0        6           0           1  20.295000  24.399800  50.2917  12.791439    2795        4665  7460
469      470  15-04-2019       2   1     4        0        0           0           1  24.873347  28.693750  50.7917  15.083643    2846        4286  7132
470      471  16-04-2019       2   1     4        1        1           0           1  27.230847  30.746250  56.1667  19.083543    1198        5172  6370
471      472  17-04-2019       2   1     4        0        2           1           1  24.941653  29.924350  39.0417  18.333143     989        5702  6691
472      473  18-04-2019       2   1     4        0        3           1           2  18.996653  22.851900  56.9167  11.250104     347        4020  4367
473      474  19-04-2019       2   1     4        0        4           1           1  20.431653  24.652300  61.2500   4.417256     846        5719  6565
474      475  20-04-2019       2   1     4        0        5           1           1  21.593347  25.788750  69.4583  10.041357    1340        5950  7290
475      476  21-04-2019       2   1     4        0        6           0           1  23.370000  27.146050  68.2917  19.000329    2541        4083  6624
476      477  22-04-2019       2   1     4        0        0           0           3  16.263347  19.475200  83.5417  23.084582     120         907  1027
477      478  23-04-2019       2   1     4        0        1           1           2  13.188347  15.056250  76.6667  20.334232     195        3019  3214
478      479  24-04-2019       2   1     4        0        2           1           1  16.946653  20.264150  45.4167  16.708661     518        5115  5633
479      480  25-04-2019       2   1     4        0        3           1           1  19.543347  23.515850  42.7917   7.959064     655        5541  6196
480      481  26-04-2019       2   1     4        0        4           1           2  20.431653  24.179150  75.6667  11.833875     475        4551  5026
481      482  27-04-2019       2   1     4        0        5           1           1  18.757500  22.631850  40.0833  23.291411    1014        5219  6233
482      483  28-04-2019       2   1     4        0        6           0           2  15.443347  18.875200  48.9583   8.708325    1120        3100  4220
483      484  29-04-2019       2   1     4        0        0           0           1  18.791653  22.506050  58.7083   7.832836    2229        4075  6304
484      485  30-04-2019       2   1     4        0        1           1           2  19.030847  22.884800  57.0000  11.499746     665        4907  5572
485      486  01-05-2019       2   1     5        0        2           1           2  25.146653  28.851050  65.9583  10.458432     653        5087  5740
486      487  02-05-2019       2   1     5        0        3           1           1  23.130847  26.894800  79.7083   9.249886     667        5502  6169
487      488  03-05-2019       2   1     5        0        4           1           2  22.960000  26.862100  76.8333   8.957632     764        5657  6421
488      489  04-05-2019       2   1     5        0        5           1           1  25.727500  29.545850  73.5417  10.916846    1069        5227  6296
489      490  05-05-2019       2   1     5        0        6           0           2  25.488347  29.230400  75.6667  10.250464    2496        4387  6883
490      491  06-05-2019       2   1     5        0        0           0           2  23.062500  27.336850  74.0000  10.041893    2135        4224  6359
491      492  07-05-2019       2   1     5        0        1           1           2  22.037500  26.357100  66.4167  15.458307    1008        5265  6273
492      493  08-05-2019       2   1     5        0        2           1           2  23.848347  27.873550  68.5833  19.833943     738        4990  5728
493      494  09-05-2019       2   1     5        0        3           1           2  23.575000  27.651250  74.4167  14.499604     620        4097  4717
494      495  10-05-2019       2   1     5        0        4           1           1  20.739153  24.589150  55.2083  21.042221    1026        5546  6572
495      496  11-05-2019       2   1     5        0        5           1           1  21.866653  26.041650  36.0417  15.874779    1319        5711  7030
496      497  12-05-2019       2   1     5        0        6           0           1  23.130847  27.240850  48.0417   8.249911    2622        4807  7429
497      498  13-05-2019       2   1     5        0        0           0           1  25.112500  29.261900  57.6250  15.082839    2172        3946  6118
498      499  14-05-2019       2   1     5        0        1           1           2  23.506653  27.495000  78.9583  14.250364     342        2501  2843
499      500  15-05-2019       2   1     5        0        2           1           2  25.078347  28.820200  79.4583   9.875264     625        4490  5115
500      501  16-05-2019       2   1     5        0        3           1           1  26.103347  29.798750  69.7917   8.208304     991        6433  7424
501      502  17-05-2019       2   1     5        0        4           1           1  24.326653  28.630650  52.0000  15.374825    1242        6142  7384
502      503  18-05-2019       2   1     5        0        5           1           1  23.130847  27.556050  52.3333   9.166739    1521        6118  7639
503      504  19-05-2019       2   1     5        0        6           0           1  24.600000  28.345400  45.6250   5.626325    3410        4884  8294
504      505  20-05-2019       2   1     5        0        0           0           1  25.454153  29.198350  53.0417  17.042589    2704        4425  7129
505      506  21-05-2019       2   1     5        0        1           1           2  24.531653  28.283350  81.1250  15.624668     630        3729  4359
506      507  22-05-2019       2   1     5        0        2           1           2  25.215000  29.041250  76.5833   7.917189     819        5254  6073
507      508  23-05-2019       2   1     5        0        3           1           2  25.488347  29.230600  77.4583   6.834000     766        4494  5260
508      509  24-05-2019       2   1     5        0        4           1           1  26.855000  30.335000  71.6667  11.584032    1059        5711  6770
509      510  25-05-2019       2   1     5        0        5           1           1  27.880000  31.376450  74.7083   9.416850    1417        5317  6734
510      511  26-05-2019       2   1     5        0        6           0           1  28.392500  32.134800  73.2500  13.332464    2855        3681  6536
511      512  27-05-2019       2   1     5        0        0           0           1  28.290000  32.071250  69.7083  14.416457    3283        3308  6591
512      513  28-05-2019       2   1     5        1        1           0           1  29.212500  33.965000  67.6250  13.166907    2557        3486  6043
513      514  29-05-2019       2   1     5        0        2           1           1  29.622500  33.649600  68.4583  19.791800     880        4863  5743
514      515  30-05-2019       2   1     5        0        3           1           2  26.923347  30.556450  67.0000   9.000043     745        6110  6855
515      516  31-05-2019       2   1     5        0        4           1           1  27.880000  31.566450  49.2917  13.083693    1100        6238  7338
516      517  01-06-2019       2   1     6        0        5           1           2  26.820847  30.398100  75.5417  15.916721     533        3594  4127
517      518  02-06-2019       2   1     6        0        6           0           1  23.916653  28.314400  54.9167  12.499654    2795        5325  8120
518      519  03-06-2019       2   1     6        0        0           0           1  24.702500  28.756650  49.3333  12.333829    2494        5147  7641
519      520  04-06-2019       2   1     6        0        1           1           1  24.497500  28.914150  48.7083  19.083811    1071        5927  6998
520      521  05-06-2019       2   1     6        0        2           1           2  22.174153  26.294600  61.3333  14.041525     968        6033  7001
521      522  06-06-2019       2   1     6        0        3           1           1  22.720847  27.114600  61.1250   5.167375    1027        6028  7055
522      523  07-06-2019       2   1     6        0        4           1           1  24.702500  28.472100  56.7083  10.542450    1038        6456  7494
523      524  08-06-2019       2   1     6        0        5           1           1  26.615847  29.893100  46.7917  11.750661    1488        6248  7736
524      525  09-06-2019       2   1     6        0        6           0           1  29.144153  32.418350  43.7083   9.667229    2708        4790  7498
525      526  10-06-2019       2   1     6        0        0           0           1  29.793347  33.175850  53.8333   8.959307    2224        4374  6598
526      527  11-06-2019       2   1     6        0        1           1           2  29.554153  32.986050  58.7917  13.916771    1017        5647  6664
527      528  12-06-2019       2   1     6        0        2           1           2  26.786653  29.893750  83.3333  14.374582     477        4495  4972
528      529  13-06-2019       2   1     6        0        3           1           1  26.889153  30.555850  58.2083  22.999693    1173        6248  7421
529      530  14-06-2019       2   1     6        0        4           1           1  26.581653  31.219150  56.9583  17.000111    1180        6183  7363
530      531  15-06-2019       2   1     6        0        5           1           1  26.205847  29.987700  58.9583  11.833339    1563        6102  7665
531      532  16-06-2019       2   1     6        0        6           0           1  25.898347  29.735400  50.4167  11.166689    2963        4739  7702
532      533  17-06-2019       2   1     6        0        0           0           1  24.292500  28.598750  59.8750   9.708568    2634        4344  6978
533      534  18-06-2019       2   1     6        0        1           1           2  23.301653  27.242100  77.7917  11.707982     653        4446  5099
534      535  19-06-2019       2   1     6        0        2           1           1  28.221653  32.734600  69.0000   9.917139     968        5857  6825
535      536  20-06-2019       2   1     6        0        3           1           1  32.082500  36.048750  59.2083   7.625404     872        5339  6211
536      537  21-06-2019       3   1     6        0        4           1           1  33.039153  37.627100  56.7917   7.958729     778        5127  5905
537      538  22-06-2019       3   1     6        0        5           1           1  31.877500  36.206050  57.3750  12.250414     964        4859  5823
538      539  23-06-2019       3   1     6        0        6           0           1  29.998347  32.639600  53.4583  12.041307    2657        4801  7458
539      540  24-06-2019       3   1     6        0        0           0           1  30.476653  33.712700  47.9167   9.750175    2551        4340  6891
540      541  25-06-2019       3   1     6        0        1           1           1  29.349153  32.702100  50.4167  20.125661    1139        5640  6779
541      542  26-06-2019       3   1     6        0        2           1           1  25.864153  29.735200  37.3333  23.292014    1077        6365  7442
542      543  27-06-2019       3   1     6        0        3           1           1  28.597500  32.039600  36.0000  18.208925    1077        6258  7335
543      544  28-06-2019       3   1     6        0        4           1           1  30.715847  33.775600  42.2500  11.500550     921        5958  6879
544      545  29-06-2019       3   1     6        0        5           1           1  34.200847  39.330650  48.8750  11.082939     829        4634  5463
545      546  30-06-2019       3   1     6        0        6           0           1  31.365000  34.375400  60.1250  10.791757    1455        4232  5687
546      547  01-07-2019       3   1     7        0        0           0           1  33.449153  37.531450  51.8750  11.291443    1421        4110  5531
547      548  02-07-2019       3   1     7        0        1           1           1  32.048347  35.101900  44.7083  13.082889     904        5323  6227
548      549  03-07-2019       3   1     7        0        2           1           1  32.014153  35.132500  49.2083   8.457879    1052        5608  6660
549      550  04-07-2019       3   1     7        1        3           0           1  32.355847  36.616850  53.8750   9.041650    2562        4841  7403
550      551  05-07-2019       3   1     7        0        4           1           1  33.927500  38.068350  45.7917  12.999943    1405        4836  6241
551      552  06-07-2019       3   1     7        0        5           1           1  33.961653  37.626650  45.0833   9.791514    1366        4841  6207
552      553  07-07-2019       3   1     7        0        6           0           1  35.328347  40.245650  49.2083  10.958118    1448        3392  4840
553      554  08-07-2019       3   1     7        0        0           0           1  33.722500  39.519800  57.3750   8.417143    1203        3469  4672
554      555  09-07-2019       3   1     7        0        1           1           2  29.144153  32.702700  68.3333  12.125325     998        5571  6569
555      556  10-07-2019       3   1     7        0        2           1           2  29.554153  33.239800  66.7500  10.166379     954        5336  6290
556      557  11-07-2019       3   1     7        0        3           1           1  29.383347  32.513550  63.3333  10.166111     975        6289  7264
557      558  12-07-2019       3   1     7        0        4           1           1  29.349153  32.734150  52.9583   9.833925    1032        6414  7446
558      559  13-07-2019       3   1     7        0        5           1           2  29.998347  33.396650  48.5833   5.416950    1511        5988  7499
559      560  14-07-2019       3   1     7        0        6           0           2  28.836653  33.302100  69.9167   9.626493    2355        4614  6969
560      561  15-07-2019       3   1     7        0        0           0           1  30.579153  35.259800  71.7917  11.166689    1920        4111  6031
561      562  16-07-2019       3   1     7        0        1           1           1  31.296653  36.206250  64.5000  11.000529    1088        5742  6830
562      563  17-07-2019       3   1     7        0        2           1           1  33.551653  37.784150  50.5833   7.666743     921        5865  6786
563      564  18-07-2019       3   1     7        0        3           1           1  32.526653  37.279150  57.7083   9.208614     799        4914  5713
564      565  19-07-2019       3   1     7        0        4           1           1  31.570000  35.732100  60.0417  11.083743     888        5703  6591
565      566  20-07-2019       3   1     7        0        5           1           2  27.299153  30.651250  84.4167  14.000789     747        5123  5870
566      567  21-07-2019       3   1     7        0        6           0           3  24.429153  27.495600  86.5417  14.291100    1264        3195  4459
567      568  22-07-2019       3   1     7        0        0           0           2  27.367500  31.156250  76.2500   6.292694    2544        4866  7410
568      569  23-07-2019       3   1     7        0        1           1           1  30.408347  34.500850  69.4167   9.291761    1135        5831  6966
569      570  24-07-2019       3   1     7        0        2           1           1  30.784153  35.322500  65.5000  14.167418    1140        6452  7592
570      571  25-07-2019       3   1     7        0        3           1           1  29.690847  32.702700  45.0000  11.041600    1383        6790  8173
571      572  26-07-2019       3   1     7        0        4           1           1  31.843347  36.963150  59.6667  19.082471    1036        5825  6861
572      573  27-07-2019       3   1     7        0        5           1           1  32.048347  36.710850  59.4583  10.250464    1259        5645  6904
573      574  28-07-2019       3   1     7        0        6           0           1  30.989153  34.880200  61.3333  10.542450    2234        4451  6685
574      575  29-07-2019       3   1     7        0        0           0           1  29.588347  33.396650  62.3750  11.416532    2153        4444  6597
575      576  30-07-2019       3   1     7        0        1           1           1  29.964153  34.249350  66.8750  10.292339    1040        6065  7105
576      577  31-07-2019       3   1     7        0        2           1           1  29.246653  33.144800  70.4167  11.083475     968        6248  7216
577      578  01-08-2019       3   1     8        0        3           1           1  29.417500  33.365400  67.7500   9.458993    1074        6506  7580
578      579  02-08-2019       3   1     8        0        4           1           1  30.852500  35.354400  65.9583   8.666718     983        6278  7261
579      580  03-08-2019       3   1     8        0        5           1           2  31.399153  36.143350  64.2500  14.458064    1328        5847  7175
580      581  04-08-2019       3   1     8        0        6           0           1  32.526653  37.563350  61.3333  17.249686    2345        4479  6824
581      582  05-08-2019       3   1     8        0        0           0           1  31.535847  36.553950  65.2500  19.458207    1707        3757  5464
582      583  06-08-2019       3   1     8        0        1           1           2  30.852500  35.512300  65.4167   8.666718    1233        5780  7013
583      584  07-08-2019       3   1     8        0        2           1           2  30.169153  34.881050  70.3750   7.832836    1278        5995  7273
584      585  08-08-2019       3   1     8        0        3           1           2  30.750000  35.385850  67.2917   7.416900    1263        6271  7534
585      586  09-08-2019       3   1     8        0        4           1           1  30.989153  34.975400  62.0417  10.458700    1196        6090  7286
586      587  10-08-2019       3   1     8        0        5           1           2  29.349153  33.397100  71.5833  16.000471    1065        4721  5786
587      588  11-08-2019       3   1     8        0        6           0           2  28.392500  31.913350  73.2917  13.834093    2247        4052  6299
588      589  12-08-2019       3   1     8        0        0           0           1  28.734153  32.228950  53.0417   8.208304    2182        4362  6544
589      590  13-08-2019       3   1     8        0        1           1           1  29.554153  33.112700  54.5417   9.126204    1207        5676  6883
590      591  14-08-2019       3   1     8        0        2           1           1  29.793347  33.838950  68.6667  11.333586    1128        5656  6784
591      592  15-08-2019       3   1     8        0        3           1           1  28.973347  32.701850  61.9583  11.374657    1198        6149  7347
592      593  16-08-2019       3   1     8        0        4           1           1  29.485847  32.734400  51.9167   9.500332    1338        6267  7605
593      594  17-08-2019       3   1     8        0        5           1           1  29.656653  12.120000  57.0833  15.500718    1483        5665  7148
594      595  18-08-2019       3   1     8        0        6           0           1  27.811653  30.903550  60.3333  11.917089    2827        5038  7865
595      596  19-08-2019       3   1     8        0        0           0           2  26.069153  30.177700  71.1667   5.792150    1208        3341  4549
596      597  20-08-2019       3   1     8        0        1           1           2  26.069153  29.798350  73.4167   8.708593    1026        5504  6530
597      598  21-08-2019       3   1     8        0        2           1           1  26.615847  30.051250  67.3750   4.875644    1081        5925  7006
598      599  22-08-2019       3   1     8        0        3           1           1  27.367500  31.092700  67.7083   4.708981    1094        6281  7375
599      600  23-08-2019       3   1     8        0        4           1           1  28.529153  31.850400  63.5833   5.667919    1363        6402  7765
600      601  24-08-2019       3   1     8        0        5           1           2  28.802500  32.355000  61.5000   4.833769    1325        6257  7582
601      602  25-08-2019       3   1     8        0        6           0           2  27.128347  30.934800  71.2917  16.375336    1829        4224  6053
602      603  26-08-2019       3   1     8        0        0           0           2  26.786653  29.799800  84.5833  15.333486    1483        3772  5255
603      604  27-08-2019       3   1     8        0        1           1           1  28.836653  32.734400  73.0417   8.625111     989        5928  6917
604      605  28-08-2019       3   1     8        0        2           1           1  29.861653  33.302500  62.0000  12.791975     935        6105  7040
605      606  29-08-2019       3   1     8        0        3           1           1  28.085000  31.786650  55.2083   7.541654    1177        6520  7697
606      607  30-08-2019       3   1     8        0        4           1           1  28.973347  32.638950  59.0417   5.166819    1172        6541  7713
607      608  31-08-2019       3   1     8        0        5           1           1  31.330847  34.470000  58.7500  11.291711    1433        5917  7350
608      609  01-09-2019       3   1     9        0        6           0           2  30.886653  35.132700  63.8333   7.583529    2352        3788  6140
609      610  02-09-2019       3   1     9        0        0           0           2  28.563347  32.450000  81.5000   4.292744    2613        3197  5810
610      611  03-09-2019       3   1     9        1        1           0           1  29.007500  33.081450  79.0833  10.125107    1965        4069  6034
611      612  04-09-2019       3   1     9        0        2           1           1  29.759153  34.344400  75.5000  15.833507     867        5997  6864
612      613  05-09-2019       3   1     9        0        3           1           1  30.203347  35.449150  74.1250  12.583136     832        6280  7112
613      614  06-09-2019       3   1     9        0        4           1           2  28.563347  32.766450  81.0417   9.542207     611        5592  6203
614      615  07-09-2019       3   1     9        0        5           1           1  28.836653  32.860200  73.6250  11.500282    1045        6459  7504
615      616  08-09-2019       3   1     9        0        6           0           2  27.025847  30.556050  79.9167  18.833968    1557        4419  5976
616      617  09-09-2019       3   1     9        0        0           0           1  25.010000  28.946250  54.7500  15.041232    2570        5657  8227
617      618  10-09-2019       3   1     9        0        1           1           1  23.916653  28.282700  50.3750  17.333771    1118        6407  7525
618      619  11-09-2019       3   1     9        0        2           1           1  23.677500  27.714600  52.0000   6.167631    1070        6697  7767
619      620  12-09-2019       3   1     9        0        3           1           1  24.565847  28.503750  57.7083   8.833682    1050        6820  7870
620      621  13-09-2019       3   1     9        0        4           1           1  25.112500  28.977900  63.7083   5.542294    1054        6750  7804
621      622  14-09-2019       3   1     9        0        5           1           1  25.966653  29.704150  67.2500   6.958821    1379        6630  8009
622      623  15-09-2019       3   1     9        0        6           0           1  24.941653  29.293350  50.1667  16.583907    3160        5554  8714
623      624  16-09-2019       3   1     9        0        0           0           1  23.780000  28.156250  57.0000   6.042281    2166        5167  7333
624      625  17-09-2019       3   1     9        0        1           1           2  23.814153  27.652500  73.4583  10.166714    1022        5847  6869
625      626  18-09-2019       3   1     9        0        2           1           2  25.556653  28.253350  87.2500  23.958329     371        3702  4073
626      627  19-09-2019       3   1     9        0        3           1           1  22.652500  27.020200  53.6667  14.416725     788        6803  7591
627      628  20-09-2019       3   1     9        0        4           1           1  22.413347  26.609600  61.8333   7.917189     939        6781  7720
628      629  21-09-2019       3   1     9        0        5           1           1  24.565847  28.598550  66.8750  10.333343    1250        6917  8167
629      630  22-09-2019       3   1     9        0        6           0           1  26.650000  30.524400  64.6667  19.000061    2512        5883  8395
630      631  23-09-2019       4   1     9        0        0           0           1  21.695847  25.946650  46.7083  14.958286    2454        5453  7907
631      632  24-09-2019       4   1     9        0        1           1           1  21.080847  25.125650  49.2917   9.541068    1001        6435  7436
632      633  25-09-2019       4   1     9        0        2           1           1  22.550000  27.208950  57.0000  15.833507     845        6693  7538
633      634  26-09-2019       4   1     9        0        3           1           1  26.035000  29.830650  63.0833  16.374800     787        6946  7733
634      635  27-09-2019       4   1     9        0        4           1           2  26.650000  30.398750  69.0833   9.000914     751        6642  7393
635      636  28-09-2019       4   1     9        0        5           1           2  25.385847  29.293150  69.0000  10.999993    1045        6370  7415
636      637  29-09-2019       4   1     9        0        6           0           1  22.242500  26.514800  54.2917  15.249468    2589        5966  8555
637      638  30-09-2019       4   1     9        0        0           0           1  21.593347  25.883150  58.3333   9.042186    2015        4874  6889
638      639  01-10-2019       4   1    10        0        1           1           2  21.354153  25.600000  64.9167   6.083881     763        6015  6778
639      640  02-10-2019       4   1    10        0        2           1           3  24.224153  27.116650  87.1667   6.999825     315        4324  4639
640      641  03-10-2019       4   1    10        0        3           1           2  26.957500  29.956650  79.3750   4.458569     728        6844  7572
641      642  04-10-2019       4   1    10        0        4           1           2  26.957500  30.398750  72.2917   7.875582     891        6437  7328
642      643  05-10-2019       4   1    10        0        5           1           1  25.215000  29.009350  62.7500   7.125450    1516        6640  8156
643      644  06-10-2019       4   1    10        0        6           0           1  22.720847  26.926050  66.4167  17.957675    3031        4934  7965
644      645  07-10-2019       4   1    10        0        0           0           2  17.049153  20.990650  70.8333   9.457854     781        2729  3510
645      646  08-10-2019       4   1    10        1        1           0           2  15.716653  19.380400  70.9583  12.708493     874        4604  5478
646      647  09-10-2019       4   1    10        0        2           1           2  18.313347  21.905600  76.1667  12.750100     601        5791  6392
647      648  10-10-2019       4   1    10        0        3           1           1  21.080847  25.157100  63.0833  12.584007     780        6911  7691
648      649  11-10-2019       4   1    10        0        4           1           1  17.835000  21.558350  46.3333  12.166932     834        6736  7570
649      650  12-10-2019       4   1    10        0        5           1           1  17.937500  21.653550  53.9167  15.751164    1060        6222  7282
650      651  13-10-2019       4   1    10        0        6           0           1  16.126653  19.569800  49.4583   9.791514    2252        4857  7109
651      652  14-10-2019       4   1    10        0        0           0           1  21.388347  25.410200  64.0417  18.667004    2080        4559  6639
652      653  15-10-2019       4   1    10        0        1           1           2  23.028347  26.957500  70.7500  19.834479     760        5115  5875
653      654  16-10-2019       4   1    10        0        2           1           1  19.201653  23.042300  55.8333  12.208807     922        6612  7534
654      655  17-10-2019       4   1    10        0        3           1           1  18.689153  22.505400  69.2917   6.791857     979        6482  7461
655      656  18-10-2019       4   1    10        0        4           1           2  21.422500  25.631250  72.8333  15.874779    1008        6501  7509
656      657  19-10-2019       4   1    10        0        5           1           2  23.096653  26.894800  81.5000   9.041918     753        4671  5424
657      658  20-10-2019       4   1    10        0        6           0           1  19.850847  23.642100  57.2917   7.874979    2806        5284  8090
658      659  21-10-2019       4   1    10        0        0           0           1  19.030847  22.821450  51.0000  11.125618    2132        4692  6824
659      660  22-10-2019       4   1    10        0        1           1           1  19.987500  24.147100  56.8333   5.459381     830        6228  7058
660      661  23-10-2019       4   1    10        0        2           1           1  22.310847  26.515200  64.1667   6.334569     841        6625  7466
661      662  24-10-2019       4   1    10        0        3           1           1  24.087500  27.936050  63.6250   4.876206     795        6898  7693
662      663  25-10-2019       4   1    10        0        4           1           2  22.550000  26.484400  80.0417   8.333125     875        6484  7359
663      664  26-10-2019       4   1    10        0        5           1           2  22.379153  26.137500  80.7083   8.875289    1182        6262  7444
664      665  27-10-2019       4   1    10        0        6           0           2  21.730000  25.756650  72.0000  15.791364    2643        5209  7852
665      666  28-10-2019       4   1    10        0        0           0           2  19.577500  23.388550  69.4583  26.666536     998        3461  4459
666      667  29-10-2019       4   1    10        0        1           1           3  18.040000  21.970000  88.0000  23.999400       2          20    22
667      668  30-10-2019       4   1    10        0        2           1           2  13.045462  15.495450  82.5455  14.271603      87        1009  1096
668      669  31-10-2019       4   1    10        0        3           1           2  14.657500  18.055000  66.6667  11.166689     419        5147  5566
669      670  01-11-2019       4   1    11        0        4           1           2  14.999153  18.497100  58.1667  10.542182     466        5520  5986
670      671  02-11-2019       4   1    11        0        5           1           1  14.555000  17.802100  52.2083  17.833725     618        5229  5847
671      672  03-11-2019       4   1    11        0        6           0           2  14.076653  16.192300  49.1250  18.125443    1029        4109  5138
672      673  04-11-2019       4   1    11        0        0           0           1  13.359153  16.476900  53.2917  12.000236    1201        3906  5107
673      674  05-11-2019       4   1    11        0        1           1           1  13.085847  15.403750  49.4167  15.833775     378        4881  5259
674      675  06-11-2019       4   1    11        0        2           1           1  11.514153  14.078350  56.7083  11.625371     466        5220  5686
675      676  07-11-2019       4   1    11        0        3           1           2  12.129153  13.731050  54.7500  20.375236     326        4709  5035
676      677  08-11-2019       4   1    11        0        4           1           1  14.439134  17.094550  33.3478  23.304945     340        4975  5315
677      678  09-11-2019       4   1    11        0        5           1           1  14.828347  17.770650  54.0833  14.375386     709        5283  5992
678      679  10-11-2019       4   1    11        0        6           0           1  15.955847  19.696850  64.5417   3.875669    2090        4446  6536
679      680  11-11-2019       4   1    11        0        0           0           1  17.254153  21.085650  65.9167   8.542500    2290        4562  6852
680      681  12-11-2019       4   1    11        1        1           0           1  19.885000  23.769150  74.1667  11.625639    1097        5172  6269
681      682  13-11-2019       4   1    11        0        2           1           2  14.076653  16.161250  66.2917  22.917082     327        3767  4094
682      683  14-11-2019       4   1    11        0        3           1           1  11.855847  14.078150  55.2083  13.374875     373        5122  5495
683      684  15-11-2019       4   1    11        0        4           1           2  13.188347  16.224600  62.0417  10.250129     320        5125  5445
684      685  16-11-2019       4   1    11        0        5           1           1  14.145000  17.360200  52.4583  11.458675     484        5214  5698
685      686  17-11-2019       4   1    11        0        6           0           1  13.325000  16.319150  54.5417  12.041843    1313        4316  5629
686      687  18-11-2019       4   1    11        0        0           0           1  14.042500  16.887300  69.2917  15.250004     922        3747  4669
687      688  19-11-2019       4   1    11        0        1           1           2  15.614153  18.781050  62.3333  15.749489     449        5050  5499
688      689  20-11-2019       4   1    11        0        2           1           2  15.340847  19.033350  68.5000   5.542575     534        5100  5634
689      690  21-11-2019       4   1    11        0        3           1           1  14.486653  18.244600  61.3750   6.917482     615        4531  5146
690      691  22-11-2019       4   1    11        1        4           0           1  13.940000  17.518550  58.0417   3.542344     955        1470  2425
691      692  23-11-2019       4   1    11        0        5           1           1  15.101653  18.938950  56.8750   9.917407    1603        2307  3910
692      693  24-11-2019       4   1    11        0        6           0           1  11.411653  12.437100  40.4583  25.250357     532        1745  2277
693      694  25-11-2019       4   1    11        0        0           0           1  10.079153  12.879150  46.8333  10.083500     309        2115  2424
694      695  26-11-2019       4   1    11        0        1           1           1  12.846653  16.950200  53.5417   3.125550     337        4750  5087
695      696  27-11-2019       4   1    11        0        2           1           2  11.958347  14.077900  78.6667  15.916654     123        3836  3959
696      697  28-11-2019       4   1    11        0        3           1           1  12.163347  14.488100  50.6250  14.125007     198        5062  5260
697      698  29-11-2019       4   1    11        0        4           1           1  11.515670  14.921100  55.5652   7.739974     243        5080  5323
698      699  30-11-2019       4   1    11        0        5           1           1  12.231653  16.193350  64.9583   3.917544     362        5306  5668
699      700  01-12-2019       4   1    12        0        6           0           2  12.231653  15.845200  80.6667   4.000181     951        4240  5191
700      701  02-12-2019       4   1    12        0        0           0           2  14.247500  17.960400  82.3333   8.333393     892        3757  4649
701      702  03-12-2019       4   1    12        0        1           1           1  18.552500  22.789800  76.7500   5.542294     555        5679  6234
702      703  04-12-2019       4   1    12        0        2           1           1  19.509153  23.452700  73.3750  11.666643     551        6055  6606
703      704  05-12-2019       4   1    12        0        3           1           1  17.971653  21.400600  48.5000  21.709407     331        5398  5729
704      705  06-12-2019       4   1    12        0        4           1           1  10.489153  12.910200  50.8750  11.708518     340        5035  5375
705      706  07-12-2019       4   1    12        0        5           1           2  13.154153  16.097900  76.4167   8.750200     349        4659  5008
706      707  08-12-2019       4   1    12        0        6           0           2  15.648347  19.475400  91.1250   6.792393    1153        4429  5582
707      708  09-12-2019       4   1    12        0        0           0           2  15.750847  19.507300  90.5417  10.584325     441        2787  3228
708      709  10-12-2019       4   1    12        0        1           1           2  17.869153  21.778750  92.5000  12.750636     329        4841  5170
709      710  11-12-2019       4   1    12        0        2           1           2  14.486653  16.918150  59.6667  19.834479     282        5219  5501
710      711  12-12-2019       4   1    12        0        3           1           2  12.197500  14.866900  53.8333  10.916779     310        5009  5319
711      712  13-12-2019       4   1    12        0        4           1           1  12.129153  14.709400  48.5833  11.666643     425        5107  5532
712      713  14-12-2019       4   1    12        0        5           1           1  11.548347  14.709600  64.2917   8.792343     429        5182  5611
713      714  15-12-2019       4   1    12        0        6           0           1  13.290847  16.919150  65.0417   7.125450     767        4280  5047
714      715  16-12-2019       4   1    12        0        0           0           2  14.862500  18.496900  83.8750   6.749714     538        3248  3786
715      716  17-12-2019       4   1    12        0        1           1           2  16.126653  20.075000  90.7083   6.583306     212        4373  4585
716      717  18-12-2019       4   1    12        0        2           1           1  16.844153  20.485400  66.6250  14.834068     433        5124  5557
717      718  19-12-2019       4   1    12        0        3           1           1  13.632500  17.108100  62.5417  12.334164     333        4934  5267
718      719  20-12-2019       4   1    12        0        4           1           2  13.530000  16.760850  66.7917   8.875021     314        3814  4128
719      720  21-12-2019       1   1    12        0        5           1           2  13.393347  15.088350  55.6667  25.083661     221        3402  3623
720      721  22-12-2019       1   1    12        0        6           0           1  10.899153  11.805650  44.1250  27.292182     205        1544  1749
721      722  23-12-2019       1   1    12        0        0           0           1  10.079153  12.973550  51.5417   8.916561     408        1379  1787
722      723  24-12-2019       1   1    12        0        1           1           2   9.483464  12.945000  79.1304   5.174437     174         746   920
723      724  25-12-2019       1   1    12        1        2           0           2  11.943464  14.723250  73.4783  11.304642     440         573  1013
724      725  26-12-2019       1   1    12        0        3           1           3   9.976653  11.016650  82.3333  21.208582       9         432   441
725      726  27-12-2019       1   1    12        0        4           1           2  10.420847  11.332100  65.2917  23.458911     247        1867  2114
726      727  28-12-2019       1   1    12        0        5           1           2  10.386653  12.752300  59.0000  10.416557     644        2451  3095
727      728  29-12-2019       1   1    12        0        6           0           2  10.386653  12.120000  75.2917   8.333661     159        1182  1341
728      729  30-12-2019       1   1    12        0        0           0           1  10.489153  11.585000  48.3333  23.500518     364        1432  1796
729      730  31-12-2019       1   1    12        0        1           1           2   8.849153  11.174350  57.7500  10.374682     439        2290  2729